modul,level,regional,witel,data_points,n_test,MAE,RMSE,MAPE,sMAPE,MASE,Skill_vs_Naive,KPI_pass,trained_at
avg_install_days,nasional,NASIONAL,-,50,6,0.8861,1.0423,10.2076,10.7479,0.0184,0.4798,LULUS,2026-05-21 09:42:46
avg_install_days,regional,REG-1,-,45,6,0.2073,0.2354,10.2156,10.505,0.0142,0.2322,LULUS,2026-05-21 09:43:03
avg_install_days,regional,REG-2,-,45,6,0.1792,0.2474,10.6758,10.3,0.0203,0.4342,LULUS,2026-05-21 10:21:04
avg_install_days,regional,REG-3,-,49,6,0.4967,0.5184,33.7848,41.2726,0.0601,-1.3283,GAGAL,2026-05-21 12:51:31
avg_install_days,regional,REG-4,-,42,6,0.586,0.7846,48.201,35.4006,0.267,-1.2686,GAGAL,2026-05-21 12:51:38
avg_install_days,regional,REG-5,-,46,6,0.4541,0.528,19.5008,20.4075,0.0191,0.5161,LULUS,2026-05-21 10:27:34
avg_install_days,witel,REG-1,ACEH,42,6,2.4869,2.9941,75.5291,81.8027,0.6674,-1.8368,GAGAL,2026-05-21 12:51:47
avg_install_days,witel,REG-1,LAMPUNG BENGKULU,43,6,0.8257,0.9988,33.4258,39.5987,0.1316,0.0247,GAGAL,2026-05-21 12:51:56
avg_install_days,witel,REG-1,RIAU,43,6,0.501,0.6346,31.8218,35.7529,0.0856,-0.3184,GAGAL,2026-05-21 12:52:04
avg_install_days,witel,REG-1,SUMBAGSEL,42,6,0.3367,0.409,25.0696,23.8954,0.0703,-0.2704,LULUS DENGAN CATATAN,2026-05-21 12:52:08
avg_install_days,witel,REG-1,SUMBAR JAMBI,45,6,1.9935,2.0475,97.3224,130.767,0.1278,-1.6818,GAGAL,2026-05-21 12:52:15
avg_install_days,witel,REG-1,SUMUT,44,6,7.9748,7.993,492.4924,140.8622,0.7562,-10.0,GAGAL,2026-05-21 12:52:20
avg_install_days,witel,REG-2,BANDUNG,43,6,2.1667,2.1769,159.3015,87.6394,0.689,-5.7709,GAGAL,2026-05-21 12:52:25
avg_install_days,witel,REG-2,BANTEN,41,5,1.7232,1.7421,73.1433,52.6472,0.4221,-2.2029,GAGAL,2026-05-21 12:52:29
avg_install_days,witel,REG-2,BEKASI KARAWANG,44,6,0.2228,0.2824,14.9421,15.3611,0.023,0.3108,LULUS,2026-05-21 10:21:57
avg_install_days,witel,REG-2,JAKARTA CENTRUM,43,6,0.3056,0.4041,25.5899,22.9893,0.0426,0.6258,LULUS,2026-05-21 10:22:12
avg_install_days,witel,REG-2,JAKARTA INNER,41,5,1.4618,1.531,88.8139,57.5596,0.4155,-2.8469,GAGAL,2026-05-21 12:52:34
avg_install_days,witel,REG-2,JAKARTA OUTER,41,5,0.6796,0.7607,32.347,28.3465,0.3819,0.0179,LULUS,2026-05-21 10:22:39
avg_install_days,witel,REG-2,PRIANGAN BARAT,43,6,2.1402,2.1903,125.5739,75.6728,0.3557,-1.0678,GAGAL,2026-05-21 12:52:41
avg_install_days,witel,REG-2,PRIANGAN TIMUR,41,5,0.5567,0.592,39.4973,31.8846,0.3608,-2.4364,GAGAL,2026-05-21 12:52:45
avg_install_days,witel,REG-3,BALI,42,6,0.7025,0.8169,31.551,25.5644,0.3418,-0.124,LULUS DENGAN CATATAN,2026-05-21 12:52:49
avg_install_days,witel,REG-3,JATIM BARAT,41,5,0.6725,0.6743,53.0927,41.8759,0.466,-4.0186,GAGAL,2026-05-21 12:52:54
avg_install_days,witel,REG-3,JATIM TIMUR,44,6,1.2612,1.6685,160.3964,62.1723,0.261,-5.7566,GAGAL,2026-05-21 12:53:08
avg_install_days,witel,REG-3,NUSA TENGGARA,44,6,2.323,2.4229,129.933,72.7393,0.5788,-2.6775,GAGAL,2026-05-21 12:53:13
avg_install_days,witel,REG-3,SEMARANG JATENG UTARA,44,6,7.5297,7.5418,670.0325,153.3183,0.6351,-10.0,GAGAL,2026-05-21 12:53:21
avg_install_days,witel,REG-3,SOLO JATENG TIMUR,41,5,1.4045,1.5067,101.0727,61.8669,0.5036,-2.4594,GAGAL,2026-05-21 12:53:25
avg_install_days,witel,REG-3,SURAMADU,42,6,0.1988,0.2253,17.2229,19.4095,0.0311,0.3299,LULUS,2026-05-21 10:25:53
avg_install_days,witel,REG-3,YOGYA JATENG SELATAN,45,6,3.9989,4.0221,232.8512,104.8221,0.4717,-7.821,GAGAL,2026-05-21 12:53:30
avg_install_days,witel,REG-4,BALIKPAPAN,41,5,0.8001,0.9278,63.1502,65.0505,0.4835,-0.527,GAGAL,2026-05-21 12:53:35
avg_install_days,witel,REG-4,KALBAR,41,5,0.7791,0.9165,25.9826,47.2941,0.3993,0.0725,GAGAL,2026-05-21 12:53:39
avg_install_days,witel,REG-4,KALSELTENG,41,5,0.4809,0.6437,35.1823,26.5917,0.3716,-0.6245,GAGAL,2026-05-21 12:53:44
avg_install_days,witel,REG-4,KALTIMTARA,42,6,0.7413,1.088,39.782,43.7434,0.2833,-0.9679,GAGAL,2026-05-21 12:53:48
avg_install_days,witel,REG-5,PAPUA,42,6,0.7539,0.8379,38.1207,45.0839,0.0608,0.3377,GAGAL,2026-05-21 12:53:55
avg_install_days,witel,REG-5,PAPUA BARAT,41,5,1.3313,1.3611,57.5258,43.9542,0.5228,0.4995,GAGAL,2026-05-21 12:53:59
avg_install_days,witel,REG-5,SULBAGSEL,44,6,1.1697,1.3292,43.4718,61.3408,0.075,-0.5665,GAGAL,2026-05-21 12:54:20
avg_install_days,witel,REG-5,SULBAGTENG,43,6,0.5102,0.5492,25.2601,26.6549,0.07,0.2151,LULUS,2026-05-21 10:28:59
avg_install_days,witel,REG-5,SUMALUT,43,6,0.9225,0.9431,58.5717,70.6235,0.1161,0.5939,GAGAL,2026-05-21 12:54:27
churn_hsi,nasional,NASIONAL,-,40,5,2791.2344,3351.7019,28.5234,26.5331,0.5957,0.017,LULUS,2026-05-20 23:15:47
churn_hsi,regional,REG-1,-,40,5,995.4357,1183.6094,38.1223,40.5634,0.9384,-0.1959,GAGAL,2026-05-21 12:54:33
churn_hsi,regional,REG-2,-,40,5,412.5912,553.5782,11.5446,12.4248,0.2546,0.2762,LULUS,2026-05-21 09:05:13
churn_hsi,regional,REG-3,-,40,5,405.4881,461.2253,15.1084,16.3533,0.3736,0.12,LULUS,2026-05-21 09:10:35
churn_hsi,regional,REG-4,-,40,5,273.744,317.8154,29.2785,27.6318,0.6087,0.2475,LULUS,2026-05-21 09:16:12
churn_hsi,regional,REG-5,-,40,5,514.3527,660.5085,27.5421,31.4683,0.6789,0.1604,GAGAL,2026-05-21 12:54:39
churn_hsi,witel,REG-1,ACEH,20,3,29.3333,30.9408,15.0342,14.3715,0.1549,0.8022,LULUS,2026-05-21 12:54:40
churn_hsi,witel,REG-1,Lampung Bengkulu,20,3,36.9103,41.8421,9.8979,10.5509,0.2278,0.5806,LULUS,2026-05-21 09:02:31
churn_hsi,witel,REG-1,RIAU,20,3,39.6667,48.4321,18.2177,16.122,0.1377,0.8111,LULUS,2026-05-21 09:02:48
churn_hsi,witel,REG-1,SUMBAR JAMBI,20,3,33.3333,52.128,15.3881,12.8707,0.1103,0.8567,LULUS,2026-05-21 12:54:42
churn_hsi,witel,REG-1,SUMUT,20,3,55.0,60.4786,14.4525,13.848,0.134,0.8129,LULUS,2026-05-21 12:54:43
churn_hsi,witel,REG-1,Sumbagsel,20,3,117.8558,150.0081,27.1916,33.2976,0.7057,0.271,GAGAL,2026-05-21 09:04:30
churn_hsi,witel,REG-2,BEKASI KARAWANG,20,3,69.6667,74.8799,20.296,19.7078,0.1914,0.755,LULUS,2026-05-21 09:06:14
churn_hsi,witel,REG-2,Bandung,20,3,41.5098,45.3973,8.9794,9.0016,0.2438,0.0195,LULUS,2026-05-21 09:06:35
churn_hsi,witel,REG-2,Banten,20,3,20.0845,28.4946,3.7635,3.9096,0.177,0.621,LULUS,2026-05-21 09:06:47
churn_hsi,witel,REG-2,Jakarta Centrum,20,3,67.2389,69.9973,22.8017,22.0708,0.4183,-0.0506,LULUS,2026-05-21 09:08:26
churn_hsi,witel,REG-2,Jakarta Inner,20,3,40.5675,55.2371,13.8631,15.789,0.3992,0.4092,LULUS,2026-05-21 09:08:46
churn_hsi,witel,REG-2,Jakarta Outer,20,3,47.0315,47.6689,10.3317,10.4409,0.3252,0.5168,LULUS,2026-05-21 09:09:06
churn_hsi,witel,REG-2,PRIANGAN TIMUR,20,3,24.3333,28.6182,6.6466,6.5391,0.0639,0.9086,LULUS,2026-05-21 09:09:46
churn_hsi,witel,REG-2,Priangan Barat,20,3,52.9625,68.7141,9.4573,10.2594,0.3284,0.6208,LULUS,2026-05-21 09:10:04
churn_hsi,witel,REG-3,Bali,20,3,18.9958,24.9258,10.7968,11.8207,0.4186,0.4723,LULUS,2026-05-21 09:11:12
churn_hsi,witel,REG-3,JATIM BARAT,20,3,45.5931,56.6655,18.508,16.0242,0.139,0.7991,LULUS,2026-05-21 09:11:32
churn_hsi,witel,REG-3,JATIM TIMUR,20,3,34.6667,35.6931,8.0365,8.2978,0.0809,0.8802,LULUS,2026-05-21 09:11:56
churn_hsi,witel,REG-3,Nusa Tenggara,20,3,63.9235,83.4545,15.2327,17.3277,0.7978,0.0459,LULUS,2026-05-21 09:13:12
churn_hsi,witel,REG-3,SEMARANG JATENG UTARA,20,3,26.3333,31.4378,11.3015,11.7984,0.1073,0.855,LULUS,2026-05-21 09:13:33
churn_hsi,witel,REG-3,Solo Jateng Timur,20,3,68.7372,74.1564,26.826,31.611,1.198,-0.0259,GAGAL,2026-05-21 09:14:48
churn_hsi,witel,REG-3,Suramadu,20,3,73.1635,74.2233,14.6573,15.8477,0.8338,0.2659,LULUS,2026-05-21 09:15:13
churn_hsi,witel,REG-3,Yogya Jateng Selatan,20,3,74.5752,81.2892,21.2828,23.2374,0.6857,0.2038,LULUS,2026-05-21 09:16:03
churn_hsi,witel,REG-4,BALIKPAPAN,20,3,20.1152,22.1245,17.9802,18.8452,0.1745,0.7652,LULUS,2026-05-21 12:54:49
churn_hsi,witel,REG-4,KALBAR,20,3,29.0,33.2516,23.5916,21.0,0.2014,0.7464,LULUS,2026-05-21 09:17:17
churn_hsi,witel,REG-4,KALSELTENG,20,3,49.6667,59.9027,20.5423,18.2284,0.1896,0.687,LULUS,2026-05-21 09:17:42
churn_hsi,witel,REG-4,KALTIMTARA,20,3,18.3333,19.7569,7.0283,6.7892,0.0634,0.8978,LULUS,2026-05-21 12:54:50
churn_hsi,witel,REG-5,PAPUA,20,3,7.1831,8.125,9.0084,9.1578,0.0797,0.8796,LULUS,2026-05-21 12:54:52
churn_hsi,witel,REG-5,Papua Barat,20,3,31.7026,42.433,18.1667,21.2916,0.6486,0.2849,LULUS,2026-05-21 09:20:14
churn_hsi,witel,REG-5,SULBAGTENG,20,3,32.6667,36.2675,19.1904,18.2578,0.1325,0.7621,LULUS,2026-05-21 12:54:55
churn_hsi,witel,REG-5,Sulbagsel,20,3,134.8857,186.7256,16.6328,19.4524,0.5656,0.3153,LULUS,2026-05-21 09:21:52
churn_hsi,witel,REG-5,Sumalut,20,3,73.4616,105.4736,13.6254,15.3921,0.3621,0.4585,LULUS,2026-05-21 09:22:31
fulfillment_rate,nasional,NASIONAL,-,55,6,0.0,0.0,0.0,0.0,0.0,0.0,LULUS,2026-05-21 09:28:59
fulfillment_rate,regional,REG-1,-,45,6,100.0,100.0,100.0,200.0,10000000000.0,0.0,GAGAL,2026-05-21 12:54:57
fulfillment_rate,regional,REG-2,-,45,6,100.0,100.0,100.0,200.0,10000000000.0,0.0,GAGAL,2026-05-21 12:54:59
fulfillment_rate,regional,REG-3,-,53,6,100.0,100.0,100.0,200.0,10000000000.0,0.0,GAGAL,2026-05-21 12:55:01
fulfillment_rate,regional,REG-4,-,43,6,100.0,100.0,100.0,200.0,10000000000.0,0.0,GAGAL,2026-05-21 12:55:03
fulfillment_rate,regional,REG-5,-,46,6,100.0,100.0,100.0,200.0,10000000000.0,0.0,GAGAL,2026-05-21 12:55:04
fulfillment_rate,witel,REG-1,ACEH,42,6,100.0,100.0,100.0,200.0,10000000000.0,0.0,GAGAL,2026-05-21 12:55:05
fulfillment_rate,witel,REG-1,LAMPUNG BENGKULU,43,6,100.0,100.0,100.0,200.0,10000000000.0,0.0,GAGAL,2026-05-21 12:55:07
fulfillment_rate,witel,REG-1,RIAU,43,6,100.0,100.0,100.0,200.0,10000000000.0,0.0,GAGAL,2026-05-21 12:55:08
fulfillment_rate,witel,REG-1,SUMBAGSEL,42,6,100.0,100.0,100.0,200.0,10000000000.0,0.0,GAGAL,2026-05-21 12:55:09
fulfillment_rate,witel,REG-1,SUMBAR JAMBI,45,6,100.0,100.0,100.0,200.0,10000000000.0,0.0,GAGAL,2026-05-21 12:55:11
fulfillment_rate,witel,REG-1,SUMUT,44,6,100.0,100.0,100.0,200.0,10000000000.0,0.0,GAGAL,2026-05-21 12:55:12
fulfillment_rate,witel,REG-2,BANDUNG,43,6,100.0,100.0,100.0,200.0,10000000000.0,0.0,GAGAL,2026-05-21 12:55:13
fulfillment_rate,witel,REG-2,BANTEN,41,5,100.0,100.0,100.0,200.0,10000000000.0,0.0,GAGAL,2026-05-21 12:55:15
fulfillment_rate,witel,REG-2,BEKASI KARAWANG,44,6,100.0,100.0,100.0,200.0,10000000000.0,0.0,GAGAL,2026-05-21 12:55:17
fulfillment_rate,witel,REG-2,JAKARTA CENTRUM,43,6,100.0,100.0,100.0,200.0,10000000000.0,0.0,GAGAL,2026-05-21 12:55:18
fulfillment_rate,witel,REG-2,JAKARTA INNER,41,5,100.0,100.0,100.0,200.0,10000000000.0,0.0,GAGAL,2026-05-21 12:55:20
fulfillment_rate,witel,REG-2,JAKARTA OUTER,41,5,100.0,100.0,100.0,200.0,10000000000.0,0.0,GAGAL,2026-05-21 12:55:22
fulfillment_rate,witel,REG-2,PRIANGAN BARAT,43,6,100.0,100.0,100.0,200.0,10000000000.0,0.0,GAGAL,2026-05-21 12:55:23
fulfillment_rate,witel,REG-2,PRIANGAN TIMUR,41,5,100.0,100.0,100.0,200.0,10000000000.0,0.0,GAGAL,2026-05-21 12:55:25
fulfillment_rate,witel,REG-3,BALI,43,6,100.0,100.0,100.0,200.0,10000000000.0,0.0,GAGAL,2026-05-21 12:55:26
fulfillment_rate,witel,REG-3,JATIM BARAT,41,5,100.0,100.0,100.0,200.0,10000000000.0,0.0,GAGAL,2026-05-21 12:55:27
fulfillment_rate,witel,REG-3,JATIM TIMUR,45,6,100.0,100.0,100.0,200.0,10000000000.0,0.0,GAGAL,2026-05-21 12:55:29
fulfillment_rate,witel,REG-3,NUSA TENGGARA,45,6,100.0,100.0,100.0,200.0,10000000000.0,0.0,GAGAL,2026-05-21 12:55:30
fulfillment_rate,witel,REG-3,SEMARANG JATENG UTARA,44,6,100.0,100.0,100.0,200.0,10000000000.0,0.0,GAGAL,2026-05-21 12:55:32
fulfillment_rate,witel,REG-3,SOLO JATENG TIMUR,41,5,100.0,100.0,100.0,200.0,10000000000.0,0.0,GAGAL,2026-05-21 12:55:33
fulfillment_rate,witel,REG-3,SURAMADU,42,6,100.0,100.0,100.0,200.0,10000000000.0,0.0,GAGAL,2026-05-21 12:55:35
fulfillment_rate,witel,REG-3,YOGYA JATENG SELATAN,47,6,100.0,100.0,100.0,200.0,10000000000.0,0.0,GAGAL,2026-05-21 12:55:36
fulfillment_rate,witel,REG-4,BALIKPAPAN,42,6,100.0,100.0,100.0,200.0,10000000000.0,0.0,GAGAL,2026-05-21 12:55:37
fulfillment_rate,witel,REG-4,KALBAR,41,5,100.0,100.0,100.0,200.0,10000000000.0,0.0,GAGAL,2026-05-21 12:55:39
fulfillment_rate,witel,REG-4,KALSELTENG,41,5,100.0,100.0,100.0,200.0,10000000000.0,0.0,GAGAL,2026-05-21 12:55:40
fulfillment_rate,witel,REG-4,KALTIMTARA,42,6,100.0,100.0,100.0,200.0,10000000000.0,0.0,GAGAL,2026-05-21 12:55:41
fulfillment_rate,witel,REG-5,PAPUA,42,6,100.0,100.0,100.0,200.0,10000000000.0,0.0,GAGAL,2026-05-21 12:55:43
fulfillment_rate,witel,REG-5,PAPUA BARAT,41,5,100.0,100.0,100.0,200.0,10000000000.0,0.0,GAGAL,2026-05-21 12:55:44
fulfillment_rate,witel,REG-5,SULBAGSEL,44,6,100.0,100.0,100.0,200.0,10000000000.0,0.0,GAGAL,2026-05-21 12:55:45
fulfillment_rate,witel,REG-5,SULBAGTENG,43,6,100.0,100.0,100.0,200.0,10000000000.0,0.0,GAGAL,2026-05-21 12:55:48
fulfillment_rate,witel,REG-5,SUMALUT,43,6,100.0,100.0,100.0,200.0,10000000000.0,0.0,GAGAL,2026-05-21 12:55:49
order_hsi,nasional,NASIONAL,-,55,6,3544.7168,3951.0715,17.0105,16.7406,0.5379,0.0317,LULUS,2026-05-20 22:52:20
order_hsi,regional,REG-1,-,45,6,641.6245,712.3087,16.2176,16.376,0.5878,0.1763,LULUS,2026-05-21 00:13:47
order_hsi,regional,REG-2,-,45,6,780.9481,934.6916,13.9818,13.5515,0.5238,0.1115,LULUS,2026-05-21 00:16:30
order_hsi,regional,REG-3,-,53,6,1134.3961,1195.4567,17.3183,16.8527,0.4576,0.0596,LULUS,2026-05-21 00:16:48
order_hsi,regional,REG-4,-,43,6,356.7612,444.0978,16.292,16.0871,0.6446,0.4021,LULUS,2026-05-21 00:17:03
order_hsi,regional,REG-5,-,46,6,425.7846,499.2733,17.247,18.2862,0.6614,-0.0086,LULUS,2026-05-21 00:17:19
order_hsi,witel,REG-1,ACEH,42,6,153.528,180.7892,24.9537,27.648,0.9119,-0.1387,LULUS DENGAN CATATAN,2026-05-20 22:54:27
order_hsi,witel,REG-1,LAMPUNG BENGKULU,43,6,110.678,148.6485,19.6476,21.7368,0.6591,0.442,LULUS,2026-05-21 00:20:04
order_hsi,witel,REG-1,RIAU,43,6,94.8517,114.9171,12.2727,12.6469,0.4733,0.2029,LULUS,2026-05-21 00:20:18
order_hsi,witel,REG-1,SUMBAGSEL,42,6,64.4375,72.4484,14.4889,14.7917,0.5511,0.1427,LULUS,2026-05-21 00:20:30
order_hsi,witel,REG-1,SUMBAR JAMBI,45,6,172.9268,243.9711,23.4463,22.214,0.873,0.104,LULUS,2026-05-21 00:20:49
order_hsi,witel,REG-1,SUMUT,44,6,157.7768,182.6236,15.638,15.7856,0.7094,0.0108,LULUS,2026-05-21 00:21:06
order_hsi,witel,REG-2,BANDUNG,43,6,90.2757,107.944,15.7344,14.75,0.3913,0.0025,LULUS,2026-05-21 00:21:20
order_hsi,witel,REG-2,BANTEN,41,5,83.0326,92.9582,9.7898,10.0505,0.6322,0.4194,LULUS,2026-05-21 00:21:36
order_hsi,witel,REG-2,BEKASI KARAWANG,44,6,118.8216,158.7951,14.6904,14.0006,0.5498,0.0482,LULUS,2026-05-21 00:21:51
order_hsi,witel,REG-2,JAKARTA CENTRUM,43,6,53.4173,68.5817,12.8725,12.9538,0.4174,0.4746,LULUS,2026-05-21 00:22:06
order_hsi,witel,REG-2,JAKARTA INNER,41,5,63.8824,79.2293,13.611,13.8371,0.5512,0.316,LULUS,2026-05-21 00:22:22
order_hsi,witel,REG-2,JAKARTA OUTER,41,5,128.0328,160.7682,19.05,19.6722,0.6767,0.2433,LULUS,2026-05-21 00:22:36
order_hsi,witel,REG-2,PRIANGAN BARAT,43,6,104.0025,133.0845,10.8888,11.4545,0.4989,0.4839,LULUS,2026-05-21 00:22:53
order_hsi,witel,REG-2,PRIANGAN TIMUR,41,5,189.6578,201.8843,18.9011,19.0985,0.6751,0.2934,LULUS,2026-05-21 00:23:10
order_hsi,witel,REG-3,BALI,43,6,116.2536,131.4867,38.4281,34.6972,1.1712,-0.6529,GAGAL,2026-05-21 12:56:11
order_hsi,witel,REG-3,JATIM BARAT,41,5,294.6139,341.0697,23.3635,23.3185,0.7821,0.1345,LULUS,2026-05-21 00:23:44
order_hsi,witel,REG-3,JATIM TIMUR,45,6,186.6452,220.8589,17.4944,17.9909,0.3368,0.2603,LULUS,2026-05-21 00:24:01
order_hsi,witel,REG-3,NUSA TENGGARA,45,6,139.9896,148.3231,22.4802,22.2119,0.5962,-0.4407,LULUS DENGAN CATATAN,2026-05-21 12:56:17
order_hsi,witel,REG-3,SEMARANG JATENG UTARA,44,6,94.0049,104.2633,12.5907,13.0357,0.3934,0.3993,LULUS,2026-05-21 00:24:33
order_hsi,witel,REG-3,SOLO JATENG TIMUR,41,5,125.8685,140.404,17.2447,17.5883,0.9321,0.3539,LULUS,2026-05-21 00:24:49
order_hsi,witel,REG-3,SURAMADU,42,6,132.8207,161.3231,11.9881,12.3178,0.4683,0.1646,LULUS,2026-05-21 00:25:09
order_hsi,witel,REG-3,YOGYA JATENG SELATAN,47,6,132.7101,151.8483,16.2064,15.2185,0.5183,0.37,LULUS,2026-05-21 00:25:26
order_hsi,witel,REG-4,BALIKPAPAN,42,6,213.5357,256.6625,51.1289,43.2497,1.9191,0.0467,GAGAL,2026-05-21 12:56:26
order_hsi,witel,REG-4,KALBAR,41,5,70.2526,75.0579,17.5125,18.1782,0.67,0.1831,LULUS,2026-05-21 00:25:58
order_hsi,witel,REG-4,KALSELTENG,41,5,91.3996,108.8367,13.76,13.1813,0.669,0.2175,LULUS,2026-05-21 00:26:11
order_hsi,witel,REG-4,KALTIMTARA,42,6,119.2852,128.6471,15.6944,16.5247,0.6533,0.5453,LULUS,2026-05-21 00:26:25
order_hsi,witel,REG-5,PAPUA,42,6,31.3375,34.4252,15.1483,16.0132,0.6452,-0.1679,LULUS DENGAN CATATAN,2026-05-21 12:56:32
order_hsi,witel,REG-5,PAPUA BARAT,41,5,26.1458,32.4152,12.0089,12.3025,0.4296,0.462,LULUS,2026-05-21 00:26:51
order_hsi,witel,REG-5,SULBAGSEL,44,6,246.6294,255.2783,26.2023,26.8234,0.8734,-0.2393,LULUS DENGAN CATATAN,2026-05-21 12:56:42
order_hsi,witel,REG-5,SULBAGTENG,43,6,106.1596,129.1923,18.4184,18.9898,0.7858,0.3693,LULUS,2026-05-21 00:27:25
order_hsi,witel,REG-5,SUMALUT,43,6,111.8366,134.3057,21.8935,21.0517,0.9561,-0.1731,LULUS DENGAN CATATAN,2026-05-21 12:56:50
realisasi_hsi,nasional,NASIONAL,-,25,3,2943.0928,3040.8113,19.5757,20.287,0.2507,-0.0795,LULUS,2026-05-21 10:30:15
realisasi_hsi,regional,REG-1,-,25,3,424.0816,464.6799,16.0878,15.9726,0.2021,0.2137,LULUS,2026-05-21 10:30:43
realisasi_hsi,regional,REG-2,-,25,3,555.0,555.0649,11.6982,11.9137,0.1217,0.1625,LULUS,2026-05-21 10:33:21
realisasi_hsi,regional,REG-3,-,25,3,536.8086,556.4555,12.7805,13.4082,0.148,0.5788,LULUS,2026-05-21 10:36:05
realisasi_hsi,regional,REG-4,-,25,3,179.1667,201.4385,11.0159,11.0896,0.4629,0.0367,LULUS,2026-05-21 11:04:29
realisasi_hsi,regional,REG-5,-,25,3,356.0784,448.3917,18.7648,21.2183,0.3335,-0.3156,LULUS DENGAN CATATAN,2026-05-21 12:56:54
realisasi_hsi,witel,REG-1,ACEH,25,3,41.2565,51.3217,11.5644,11.9704,0.136,0.0763,LULUS,2026-05-21 10:30:59
realisasi_hsi,witel,REG-1,LAMPUNG BENGKULU,25,3,70.5396,85.6036,21.514,22.334,0.2486,0.1398,LULUS,2026-05-21 10:31:17
realisasi_hsi,witel,REG-1,RIAU,25,3,48.3834,62.7517,7.8254,8.0998,0.0966,0.5478,LULUS,2026-05-21 10:31:38
realisasi_hsi,witel,REG-1,SUMBAGSEL,25,3,28.0,36.7423,8.2477,8.6786,0.1613,0.8174,LULUS,2026-05-21 10:32:01
realisasi_hsi,witel,REG-1,SUMBAR JAMBI,25,3,60.6667,67.7594,15.4959,15.3447,0.1775,0.4091,LULUS,2026-05-21 10:32:43
realisasi_hsi,witel,REG-1,SUMUT,25,3,148.8573,166.8375,18.9028,19.6157,0.3008,0.1954,LULUS,2026-05-21 10:32:59
realisasi_hsi,witel,REG-2,BANDUNG,25,3,65.4746,85.0199,13.417,15.1433,0.0886,0.5232,LULUS,2026-05-21 10:33:42
realisasi_hsi,witel,REG-2,BANTEN,25,3,64.1807,68.0795,9.5302,9.5652,0.1152,0.521,LULUS,2026-05-21 10:33:58
realisasi_hsi,witel,REG-2,BEKASI KARAWANG,25,3,59.0,59.3549,7.5979,7.71,0.0877,0.2563,LULUS,2026-05-21 10:34:19
realisasi_hsi,witel,REG-2,JAKARTA CENTRUM,25,3,85.5264,92.2935,22.7295,20.1271,0.3158,-0.2455,LULUS DENGAN CATATAN,2026-05-21 12:56:56
realisasi_hsi,witel,REG-2,JAKARTA INNER,25,3,68.828,78.0553,17.2295,16.6954,0.2245,-0.1471,LULUS DENGAN CATATAN,2026-05-21 12:56:59
realisasi_hsi,witel,REG-2,JAKARTA OUTER,25,3,71.5848,88.5247,11.4451,10.703,0.1139,0.3392,LULUS,2026-05-21 10:35:08
realisasi_hsi,witel,REG-2,PRIANGAN BARAT,25,3,126.3333,132.2636,16.2174,17.4175,0.1799,0.1386,LULUS,2026-05-21 10:35:26
realisasi_hsi,witel,REG-2,PRIANGAN TIMUR,25,3,84.669,119.0022,12.281,13.7141,0.1191,0.5788,LULUS,2026-05-21 10:35:43
realisasi_hsi,witel,REG-3,BALI,24,3,47.6667,56.6539,28.0422,29.4541,0.189,0.6276,LULUS,2026-05-21 11:00:58
realisasi_hsi,witel,REG-3,JATIM BARAT,24,3,129.9646,155.7085,17.8185,20.2884,0.2191,0.0373,LULUS,2026-05-21 11:01:18
realisasi_hsi,witel,REG-3,JATIM TIMUR,24,3,45.2134,50.8159,5.9171,6.1283,0.0547,0.7431,LULUS,2026-05-21 11:01:43
realisasi_hsi,witel,REG-3,NUSA TENGGARA,24,3,99.6455,102.4486,22.283,22.9602,0.2274,-0.0065,LULUS,2026-05-21 11:02:08
realisasi_hsi,witel,REG-3,SEMARANG JATENG UTARA,24,3,68.9833,70.1615,14.5216,14.4125,0.1941,0.5902,LULUS,2026-05-21 11:02:37
realisasi_hsi,witel,REG-3,SOLO JATENG TIMUR,24,3,63.4601,75.8271,15.143,14.9148,0.2018,0.3225,LULUS,2026-05-21 11:03:09
realisasi_hsi,witel,REG-3,SURAMADU,24,3,130.8196,132.697,19.4531,19.3635,0.3375,0.613,LULUS,2026-05-21 11:03:37
realisasi_hsi,witel,REG-3,YOGYA JATENG SELATAN,24,3,70.4786,82.2047,13.4365,13.5277,0.1433,0.6373,LULUS,2026-05-21 11:04:07
realisasi_hsi,witel,REG-4,BALIKPAPAN,25,3,69.3881,70.8587,25.4414,24.8842,0.9494,0.1469,LULUS,2026-05-21 11:04:50
realisasi_hsi,witel,REG-4,KALBAR,25,3,36.505,42.2694,13.0718,11.9968,0.3663,0.649,LULUS,2026-05-21 11:05:07
realisasi_hsi,witel,REG-4,KALSELTENG,25,3,47.4737,48.493,9.4359,9.1206,0.3603,0.3753,LULUS,2026-05-21 11:05:22
realisasi_hsi,witel,REG-4,KALTIMTARA,25,3,95.2585,107.7525,16.3049,18.1158,0.6426,0.3814,LULUS,2026-05-21 10:43:37
realisasi_hsi,witel,REG-5,PAPUA,25,3,6.9759,7.5905,3.8419,3.796,0.0809,0.8526,LULUS,2026-05-21 10:44:29
realisasi_hsi,witel,REG-5,PAPUA BARAT,25,3,5.6114,5.9659,3.3682,3.3654,0.1132,0.9109,LULUS,2026-05-21 10:44:48
realisasi_hsi,witel,REG-5,SULBAGSEL,25,3,96.7063,111.8075,14.4067,13.9695,0.1997,-0.2952,LULUS DENGAN CATATAN,2026-05-21 12:57:00
realisasi_hsi,witel,REG-5,SULBAGTENG,25,3,29.0208,30.1697,7.369,7.5095,0.1169,0.4909,LULUS,2026-05-21 10:45:24
realisasi_hsi,witel,REG-5,SUMALUT,25,3,126.3685,141.4582,29.4558,31.997,0.5453,-0.2983,GAGAL,2026-05-21 12:57:03
